<?xml version="1.0" encoding="us-ascii"?>
<c:catalog xmlns:c="urn:oasis:names:tc:entity:xmlns:xml:catalog" prefer="public">
  <c:uri name="http://api.nsgreg.nga.mil/geo-division/GENC/6/3-10" uri="geo-division/3-10/genc_geo-division_3-10_char6.csv"/>
  <c:uri name="http://api.nsgreg.nga.mil/geo-political/GENC/2/3-10" uri="geo-political/3-10/genc_geo-political_3-10_char2.csv"/>
  <c:uri name="http://api.nsgreg.nga.mil/geo-political/GENC/3/3-10" uri="geo-political/3-10/genc_geo-political_3-10_char3.csv"/>
  <c:uri name="http://api.nsgreg.nga.mil/geo-political/GENC/n/3-10" uri="geo-political/3-10/genc_geo-political_3-10_numeric.csv"/>
  <c:uri name="urn:us:gov:dod:nga:def:geo-division:GENC:6:3-10" uri="geo-division/3-10/genc_geo-division_3-10_char6.csv"/>
  <c:uri name="urn:us:gov:dod:nga:def:geo-political:GENC:2:3-10" uri="geo-political/3-10/genc_geo-political_3-10_char2.csv"/>
  <c:uri name="urn:us:gov:dod:nga:def:geo-political:GENC:3:3-10" uri="geo-political/3-10/genc_geo-political_3-10_char3.csv"/>
  <c:uri name="urn:us:gov:dod:nga:def:geo-political:GENC:n:3-10" uri="geo-political/3-10/genc_geo-political_3-10_numeric.csv"/>
</c:catalog>
