<?xml version="1.0" encoding="UTF-8"?>
<w:WantList w:release="4.2" w:product="NIEM" w:nillableDefault="true"
  xmlns:w="http://niem.gov/niem/wantlist/2.2"
  xmlns:usps="http://release.niem.gov/niem/codes/usps_states/4.0/"
  xmlns:nc="http://release.niem.gov/niem/niem-core/4.0/"
  xmlns:ncic="http://release.niem.gov/niem/codes/fbi_ncic/4.2/"
  xmlns:can="http://release.niem.gov/niem/codes/canada_post/4.0/"
  xmlns:j="http://release.niem.gov/niem/domains/jxdm/6.2/" xmlns:niem-xs="http://release.niem.gov/niem/proxy/xsd/4.0/">
  <w:Element w:name="j:PersonSexCode" w:isReference="false" w:nillable="true"/>
  <w:Element w:name="nc:Address" w:isReference="false" w:nillable="true"/>
  <w:Element w:name="nc:AddressFullText" w:isReference="false" w:nillable="true"/>
  <w:Element w:name="nc:ContactMailingAddress" w:isReference="false" w:nillable="true"/>
  <w:Element w:name="nc:ContactTelephoneNumber" w:isReference="false" w:nillable="true"/>
  <w:Element w:name="nc:Date" w:isReference="false" w:nillable="true"/>
  <w:Element w:name="nc:DateRepresentation" w:isReference="false" w:nillable="true"/>
  <w:Element w:name="nc:EntityOrganization" w:isReference="false" w:nillable="true"/>
  <w:Element w:name="nc:EntityPerson" w:isReference="false" w:nillable="true"/>
  <w:Element w:name="nc:FullTelephoneNumber" w:isReference="false" w:nillable="true"/>
  <w:Element w:name="nc:JurisdictionText" w:isReference="false" w:nillable="false"/>
  <w:Element w:name="nc:LocationCanadianProvinceCode"
    w:isReference="false" w:nillable="true"/>
  <w:Element w:name="nc:LocationStateUSPostalServiceCode"
    w:isReference="false" w:nillable="true"/>
  <w:Element w:name="nc:LocationStreet" w:isReference="false" w:nillable="true"/>
  <w:Element w:name="nc:PersonLicenseIdentification"
    w:isReference="false" w:nillable="true"/>
  <w:Element w:name="nc:RoleOfOrganization" w:isReference="false" w:nillable="true"/>
  <w:Element w:name="nc:RoleOfPerson" w:isReference="false" w:nillable="true"/>
  <w:Type w:name="can:CanadianProvinceCodeSimpleType" w:isRequested="false">
    <w:Facet w:facet="enumeration" w:value="AB"/>
    <w:Facet w:facet="enumeration" w:value="BC"/>
    <w:Facet w:facet="enumeration" w:value="MB"/>
    <w:Facet w:facet="enumeration" w:value="NB"/>
    <w:Facet w:facet="enumeration" w:value="NL"/>
    <w:Facet w:facet="enumeration" w:value="NS"/>
    <w:Facet w:facet="enumeration" w:value="NT"/>
    <w:Facet w:facet="enumeration" w:value="NU"/>
    <w:Facet w:facet="enumeration" w:value="ON"/>
    <w:Facet w:facet="enumeration" w:value="PE"/>
    <w:Facet w:facet="enumeration" w:value="QC"/>
    <w:Facet w:facet="enumeration" w:value="SK"/>
    <w:Facet w:facet="enumeration" w:value="YT"/>
  </w:Type>
  <w:Type w:name="nc:AddressType" w:isRequested="false">
    <w:ElementInType w:name="nc:AddressFullText" w:isReference="false"
      w:minOccurs="0" w:maxOccurs="unbounded"/>
    <w:ElementInType w:name="nc:AddressDeliveryPointAbstract"
      w:isReference="false" w:minOccurs="0" w:maxOccurs="unbounded"/>
    <w:ElementInType w:name="nc:LocationCityName" w:isReference="false"
      w:minOccurs="0" w:maxOccurs="unbounded"/>
    <w:ElementInType w:name="nc:LocationState" w:isReference="false"
      w:minOccurs="0" w:maxOccurs="unbounded"/>
    <w:ElementInType w:name="nc:LocationPostalCode"
      w:isReference="false" w:minOccurs="0" w:maxOccurs="unbounded"/>
    <w:ElementInType w:name="nc:LocationPostalExtensionCode"
      w:isReference="false" w:minOccurs="0" w:maxOccurs="unbounded"/>
  </w:Type>
  <w:Type w:name="nc:ContactInformationType" w:isRequested="true">
    <w:ElementInType w:name="nc:ContactMeansAbstract"
      w:isReference="false" w:minOccurs="0" w:maxOccurs="unbounded"/>
    <w:ElementInType w:name="nc:ContactEntity" w:isReference="false"
      w:minOccurs="0" w:maxOccurs="unbounded"/>
  </w:Type>
  <w:Type w:name="nc:DateType" w:isRequested="false">
    <w:ElementInType w:name="nc:DateRepresentation"
      w:isReference="false" w:minOccurs="0" w:maxOccurs="unbounded"/>
  </w:Type>
  <w:Type w:name="nc:DocumentType" w:isRequested="true"/>
  <w:Type w:name="nc:EntityType" w:isRequested="false">
    <w:ElementInType w:name="nc:EntityRepresentation"
      w:isReference="false" w:minOccurs="0" w:maxOccurs="unbounded"/>
  </w:Type>
  <w:Type w:name="nc:FullTelephoneNumberType" w:isRequested="false">
    <w:ElementInType w:name="nc:TelephoneNumberFullID"
      w:isReference="false" w:minOccurs="0" w:maxOccurs="unbounded"/>
  </w:Type>
  <w:Type w:name="nc:IdentificationType" w:isRequested="true">
    <w:ElementInType w:name="nc:IdentificationID" w:isReference="false"
      w:minOccurs="0" w:maxOccurs="unbounded"/>
    <w:ElementInType w:name="nc:IdentificationJurisdiction"
      w:isReference="false" w:minOccurs="0" w:maxOccurs="unbounded"/>
  </w:Type>
  <w:Type w:name="nc:JurisdictionType" w:isRequested="false">
    <w:ElementInType w:name="nc:JurisdictionAbstract"
      w:isReference="false" w:minOccurs="0" w:maxOccurs="unbounded"/>
    <w:ElementInType w:name="nc:LocationState" w:isReference="false"
      w:minOccurs="0" w:maxOccurs="unbounded"/>
  </w:Type>
  <w:Type w:name="nc:LocationType" w:isRequested="false">
    <w:ElementInType w:name="nc:LocationAddressAbstract"
      w:isReference="false" w:minOccurs="0" w:maxOccurs="unbounded"/>
  </w:Type>
  <w:Type w:name="nc:OrganizationType" w:isRequested="true">
    <w:ElementInType w:name="nc:OrganizationDoingBusinessAsName"
      w:isReference="false" w:minOccurs="0" w:maxOccurs="unbounded"/>
    <w:ElementInType w:name="nc:OrganizationLocation"
      w:isReference="false" w:minOccurs="0" w:maxOccurs="unbounded"/>
    <w:ElementInType w:name="nc:OrganizationName" w:isReference="false"
      w:minOccurs="0" w:maxOccurs="unbounded"/>
    <w:ElementInType w:name="nc:OrganizationPrimaryContactInformation"
      w:isReference="false" w:minOccurs="0" w:maxOccurs="unbounded"/>
  </w:Type>
  <w:Type w:name="nc:PersonNameType" w:isRequested="false">
    <w:ElementInType w:name="nc:PersonGivenName" w:isReference="false"
      w:minOccurs="0" w:maxOccurs="unbounded"/>
    <w:ElementInType w:name="nc:PersonMiddleName" w:isReference="false"
      w:minOccurs="0" w:maxOccurs="unbounded"/>
    <w:ElementInType w:name="nc:PersonSurName" w:isReference="false"
      w:minOccurs="0" w:maxOccurs="unbounded"/>
    <w:ElementInType w:name="nc:PersonNameSuffixText"
      w:isReference="false" w:minOccurs="0" w:maxOccurs="unbounded"/>
  </w:Type>
  <w:Type w:name="nc:PersonType" w:isRequested="true">
    <w:ElementInType w:name="nc:PersonBirthDate" w:isReference="false"
      w:minOccurs="0" w:maxOccurs="unbounded"/>
    <w:ElementInType w:name="nc:PersonName" w:isReference="false"
      w:minOccurs="0" w:maxOccurs="unbounded"/>
    <w:ElementInType w:name="nc:PersonSexAbstract" w:isReference="false"
      w:minOccurs="0" w:maxOccurs="unbounded"/>
    <w:ElementInType w:name="nc:PersonSSNIdentification"
      w:isReference="false" w:minOccurs="0" w:maxOccurs="unbounded"/>
  </w:Type>
  <w:Type w:name="nc:StateType" w:isRequested="false">
    <w:ElementInType w:name="nc:StateRepresentation"
      w:isReference="false" w:minOccurs="0" w:maxOccurs="unbounded"/>
  </w:Type>
  <w:Type w:name="nc:StreetType" w:isRequested="false">
    <w:ElementInType w:name="nc:StreetFullText" w:isReference="false"
      w:minOccurs="0" w:maxOccurs="unbounded"/>
  </w:Type>
  <w:Type w:name="nc:TelephoneNumberType" w:isRequested="false">
    <w:ElementInType w:name="nc:TelephoneNumberAbstract"
      w:isReference="false" w:minOccurs="0" w:maxOccurs="unbounded"/>
  </w:Type>
  <w:Type w:name="nc:TextType" w:isRequested="true"/>
  <w:Type w:name="ncic:SEXCodeSimpleType" w:isRequested="false">
    <w:Facet w:facet="enumeration" w:value="F"/>
    <w:Facet w:facet="enumeration" w:value="M"/>
    <w:Facet w:facet="enumeration" w:value="U"/>
  </w:Type>
  <w:Type w:name="niem-xs:boolean" w:isRequested="true"/>
  <w:Type w:name="niem-xs:decimal" w:isRequested="true"/>
  <w:Type w:name="niem-xs:nonNegativeInteger" w:isRequested="true"/>
  <w:Type w:name="niem-xs:time" w:isRequested="true"/>
  <w:Type w:name="usps:USStateCodeSimpleType" w:isRequested="false">
    <w:Facet w:facet="enumeration" w:value="AA"/>
    <w:Facet w:facet="enumeration" w:value="AE"/>
    <w:Facet w:facet="enumeration" w:value="AK"/>
    <w:Facet w:facet="enumeration" w:value="AL"/>
    <w:Facet w:facet="enumeration" w:value="AP"/>
    <w:Facet w:facet="enumeration" w:value="AR"/>
    <w:Facet w:facet="enumeration" w:value="AS"/>
    <w:Facet w:facet="enumeration" w:value="AZ"/>
    <w:Facet w:facet="enumeration" w:value="CA"/>
    <w:Facet w:facet="enumeration" w:value="CO"/>
    <w:Facet w:facet="enumeration" w:value="CT"/>
    <w:Facet w:facet="enumeration" w:value="DC"/>
    <w:Facet w:facet="enumeration" w:value="DE"/>
    <w:Facet w:facet="enumeration" w:value="FL"/>
    <w:Facet w:facet="enumeration" w:value="FM"/>
    <w:Facet w:facet="enumeration" w:value="GA"/>
    <w:Facet w:facet="enumeration" w:value="GU"/>
    <w:Facet w:facet="enumeration" w:value="HI"/>
    <w:Facet w:facet="enumeration" w:value="IA"/>
    <w:Facet w:facet="enumeration" w:value="ID"/>
    <w:Facet w:facet="enumeration" w:value="IL"/>
    <w:Facet w:facet="enumeration" w:value="IN"/>
    <w:Facet w:facet="enumeration" w:value="KS"/>
    <w:Facet w:facet="enumeration" w:value="KY"/>
    <w:Facet w:facet="enumeration" w:value="LA"/>
    <w:Facet w:facet="enumeration" w:value="MA"/>
    <w:Facet w:facet="enumeration" w:value="MD"/>
    <w:Facet w:facet="enumeration" w:value="ME"/>
    <w:Facet w:facet="enumeration" w:value="MH"/>
    <w:Facet w:facet="enumeration" w:value="MI"/>
    <w:Facet w:facet="enumeration" w:value="MN"/>
    <w:Facet w:facet="enumeration" w:value="MO"/>
    <w:Facet w:facet="enumeration" w:value="MP"/>
    <w:Facet w:facet="enumeration" w:value="MS"/>
    <w:Facet w:facet="enumeration" w:value="MT"/>
    <w:Facet w:facet="enumeration" w:value="NC"/>
    <w:Facet w:facet="enumeration" w:value="ND"/>
    <w:Facet w:facet="enumeration" w:value="NE"/>
    <w:Facet w:facet="enumeration" w:value="NH"/>
    <w:Facet w:facet="enumeration" w:value="NJ"/>
    <w:Facet w:facet="enumeration" w:value="NM"/>
    <w:Facet w:facet="enumeration" w:value="NV"/>
    <w:Facet w:facet="enumeration" w:value="NY"/>
    <w:Facet w:facet="enumeration" w:value="OH"/>
    <w:Facet w:facet="enumeration" w:value="OK"/>
    <w:Facet w:facet="enumeration" w:value="OR"/>
    <w:Facet w:facet="enumeration" w:value="PA"/>
    <w:Facet w:facet="enumeration" w:value="PR"/>
    <w:Facet w:facet="enumeration" w:value="PW"/>
    <w:Facet w:facet="enumeration" w:value="RI"/>
    <w:Facet w:facet="enumeration" w:value="SC"/>
    <w:Facet w:facet="enumeration" w:value="SD"/>
    <w:Facet w:facet="enumeration" w:value="TN"/>
    <w:Facet w:facet="enumeration" w:value="TX"/>
    <w:Facet w:facet="enumeration" w:value="UT"/>
    <w:Facet w:facet="enumeration" w:value="VA"/>
    <w:Facet w:facet="enumeration" w:value="VI"/>
    <w:Facet w:facet="enumeration" w:value="VT"/>
    <w:Facet w:facet="enumeration" w:value="WA"/>
    <w:Facet w:facet="enumeration" w:value="WI"/>
    <w:Facet w:facet="enumeration" w:value="WV"/>
    <w:Facet w:facet="enumeration" w:value="WY"/>
  </w:Type>
</w:WantList>
